{"editors":"[{\"name\":\"标题\",\"type\":\"rd-title\",\"menu\":{\"isShow\":true,\"hover\":false},\"model\":{\"title\":\"标题名称\",\"class\":{\"name\":\"样式二\",\"code\":2,\"$$hashKey\":\"object:25\"},\"show\":{\"name\":\"居左\",\"code\":2,\"$$hashKey\":\"object:33\"}}},{\"name\":\"标题\",\"type\":\"rd-title\",\"menu\":{\"isShow\":false,\"hover\":false},\"model\":{\"title\":\"标题名称\",\"class\":{\"name\":\"样式一\",\"code\":1,\"$$hashKey\":\"object:42\"},\"show\":{\"name\":\"居左\",\"code\":2,\"$$hashKey\":\"object:51\"}}}]"}